{"cameraMode":{"drawMode":0,"name":"Shaded","section":"Shading Mode"},"sceneLighting":false,"audioPlay":false,"sceneViewState":{"showFog":true,"showMaterialUpdate":false,"showSkybox":false,"showFlares":true,"showImageEffects":true,"showParticleSystems":true},"in2DMode":false,"pivot":{"x":-7.617877960205078,"y":4.987125396728516,"z":-4.954925537109375},"rotation":{"x":-0.028799917548894883,"y":0.020087584853172303,"z":-0.0005787478294223547,"w":-0.9993833899497986},"size":65.76124572753906,"orthographic":false}